datetime, active, fld
2020-03-01-00, 50, 7
2020-03-01-01, 9, 43
2020-03-01-02, 39, 33
2020-03-01-03, 12, 50
2020-03-01-04, 57, 21
2020-03-01-05, 19, 35
2020-03-01-06, 16, 29
2020-03-01-07, 7, 57
2020-03-01-08, 10, 26
2020-03-01-09, 41, 53
2020-03-01-10, 11, 10
2020-03-01-11, 7, 36
2020-03-01-12, 34, 27
2020-03-01-13, 10, 5
2020-03-01-14, 51, 35
2020-03-01-15, 59, 14
2020-03-01-16, 23, 0
2020-03-01-17, 28, 14
2020-03-01-18, 14, 10
2020-03-01-19, 0, 32
2020-03-01-20, 28, 46
2020-03-01-21, 8, 13
2020-03-01-22, 1, 30
2020-03-01-23, 28, 1
2020-03-02-00, 1, 22
2020-03-02-01, 25, 3
2020-03-02-02, 26, 45
2020-03-02-03, 46, 54
2020-03-02-04, 59, 46
2020-03-02-05, 37, 30
2020-03-02-06, 38, 16
2020-03-02-07, 28, 50
2020-03-02-08, 23, 36
2020-03-02-09, 15, 52
2020-03-02-10, 54, 47
2020-03-02-11, 3, 16
2020-03-02-12, 38, 10
2020-03-02-13, 2, 7
2020-03-02-14, 53, 53
2020-03-02-15, 5, 50
2020-03-02-16, 51, 24
2020-03-02-17, 5, 38
2020-03-02-18, 26, 11
2020-03-02-19, 47, 46
2020-03-02-20, 20, 38
2020-03-02-21, 38, 0
2020-03-02-22, 7, 40
2020-03-02-23, 40, 11
2020-03-03-00, 50, 45
2020-03-03-01, 47, 57
2020-03-03-02, 14, 2
2020-03-03-03, 37, 20
2020-03-03-04, 40, 7
2020-03-03-05, 54, 42
2020-03-03-06, 16, 43
2020-03-03-07, 14, 50
2020-03-03-08, 11, 58
2020-03-03-09, 42, 15
2020-03-03-10, 4, 57
2020-03-03-11, 17, 48
2020-03-03-12, 2, 50
2020-03-03-13, 37, 4
2020-03-03-14, 13, 3
2020-03-03-15, 47, 54
2020-03-03-16, 11, 34
2020-03-03-17, 0, 14
2020-03-03-18, 5, 8
2020-03-03-19, 56, 26
2020-03-03-20, 25, 42
2020-03-03-21, 29, 30
2020-03-03-22, 0, 30
2020-03-03-23, 56, 49
2020-03-04-00, 3, 9
2020-03-04-01, 55, 20
2020-03-04-02, 34, 25
2020-03-04-03, 58, 58
2020-03-04-04, 3, 9
2020-03-04-05, 39, 2
2020-03-04-06, 42, 11
2020-03-04-07, 35, 16
2020-03-04-08, 46, 7
2020-03-04-09, 3, 30
2020-03-04-10, 29, 3
2020-03-04-11, 31, 34
2020-03-04-12, 55, 50
2020-03-04-13, 41, 33
2020-03-04-14, 58, 32
2020-03-04-15, 48, 48
2020-03-04-16, 54, 18
2020-03-04-17, 48, 16
2020-03-04-18, 8, 41
2020-03-04-19, 40, 40
2020-03-04-20, 45, 23
2020-03-04-21, 24, 40
2020-03-04-22, 0, 24
2020-03-04-23, 38, 6
2020-03-05-00, 41, 26
2020-03-05-01, 12, 53
2020-03-05-02, 41, 46
2020-03-05-03, 4, 25
2020-03-05-04, 29, 37
2020-03-05-05, 0, 16
2020-03-05-06, 41, 0
2020-03-05-07, 9, 26
2020-03-05-08, 23, 16
2020-03-05-09, 4, 59
2020-03-05-10, 58, 59
2020-03-05-11, 43, 5
2020-03-05-12, 43, 45
2020-03-05-13, 15, 32
2020-03-05-14, 14, 31
2020-03-05-15, 23, 32
2020-03-05-16, 59, 6
2020-03-05-17, 29, 5
2020-03-05-18, 13, 23
2020-03-05-19, 8, 27
2020-03-05-20, 12, 55
2020-03-05-21, 19, 39
2020-03-05-22, 50, 57
2020-03-05-23, 20, 11
2020-03-06-00, 37, 26
2020-03-06-01, 33, 40
2020-03-06-02, 10, 5
2020-03-06-03, 11, 29
2020-03-06-04, 30, 42
2020-03-06-05, 25, 12
2020-03-06-06, 25, 45
2020-03-06-07, 37, 41
2020-03-06-08, 3, 19
2020-03-06-09, 21, 58
2020-03-06-10, 4, 10
2020-03-06-11, 44, 28
2020-03-06-12, 38, 15
2020-03-06-13, 13, 46
2020-03-06-14, 54, 43
2020-03-06-15, 33, 43
2020-03-06-16, 46, 21
2020-03-06-17, 4, 30
2020-03-06-18, 33, 42
2020-03-06-19, 7, 24
2020-03-06-20, 56, 30
2020-03-06-21, 21, 52
2020-03-06-22, 1, 1
2020-03-06-23, 0, 43
2020-03-07-00, 23, 20
2020-03-07-01, 31, 57
2020-03-07-02, 47, 48
2020-03-07-03, 49, 55
2020-03-07-04, 21, 50
2020-03-07-05, 6, 31
2020-03-07-06, 51, 52
2020-03-07-07, 43, 0
2020-03-07-08, 30, 48
2020-03-07-09, 47, 50
2020-03-07-10, 26, 31
2020-03-07-11, 24, 15
2020-03-07-12, 7, 40
2020-03-07-13, 29, 26
2020-03-07-14, 37, 54
2020-03-07-15, 19, 30
2020-03-07-16, 39, 27
2020-03-07-17, 54, 22
2020-03-07-18, 41, 21
2020-03-07-19, 16, 19
2020-03-07-20, 43, 0
2020-03-07-21, 5, 14
2020-03-07-22, 46, 57
2020-03-07-23, 50, 39
2020-03-08-00, 59, 34
2020-03-08-01, 11, 29
2020-03-08-02, 8, 7
2020-03-08-03, 35, 0
2020-03-08-04, 48, 39
2020-03-08-05, 25, 19
2020-03-08-06, 59, 9
2020-03-08-07, 38, 30
2020-03-08-08, 56, 31
2020-03-08-09, 10, 33
2020-03-08-10, 28, 10
2020-03-08-11, 43, 52
2020-03-08-12, 9, 15
2020-03-08-13, 47, 6
2020-03-08-14, 56, 45
2020-03-08-15, 25, 32
2020-03-08-16, 30, 49
2020-03-08-17, 38, 53
2020-03-08-18, 14, 5
2020-03-08-19, 32, 10
2020-03-08-20, 54, 4
2020-03-08-21, 5, 38
2020-03-08-22, 46, 26
2020-03-08-23, 28, 40
2020-03-09-00, 23, 47
2020-03-09-01, 5, 13
2020-03-09-02, 5, 13
2020-03-09-03, 38, 49
2020-03-09-04, 14, 58
2020-03-09-05, 2, 15
2020-03-09-06, 0, 32
2020-03-09-07, 17, 3
2020-03-09-08, 8, 46
2020-03-09-09, 18, 16
2020-03-09-10, 15, 48
2020-03-09-11, 48, 18
2020-03-09-12, 11, 43
2020-03-09-13, 36, 6
2020-03-09-14, 48, 33
2020-03-09-15, 4, 16
2020-03-09-16, 59, 43
2020-03-09-17, 34, 39
2020-03-09-18, 50, 36
2020-03-09-19, 2, 7
2020-03-09-20, 21, 4
2020-03-09-21, 50, 13
2020-03-09-22, 28, 32
2020-03-09-23, 25, 42
2020-03-10-00, 58, 2
2020-03-10-01, 0, 18
2020-03-10-02, 52, 28
2020-03-10-03, 57, 42
2020-03-10-04, 16, 14
2020-03-10-05, 49, 39
2020-03-10-06, 40, 19
2020-03-10-07, 59, 55
2020-03-10-08, 47, 18
2020-03-10-09, 35, 37
2020-03-10-10, 10, 57
2020-03-10-11, 58, 26
2020-03-10-12, 6, 10
2020-03-10-13, 54, 57
2020-03-10-14, 49, 21
2020-03-10-15, 25, 55
2020-03-10-16, 51, 36
2020-03-10-17, 40, 24
2020-03-10-18, 46, 38
2020-03-10-19, 31, 38
2020-03-10-20, 8, 5
2020-03-10-21, 4, 17
2020-03-10-22, 1, 21
2020-03-10-23, 42, 42
2020-03-11-00, 30, 20
2020-03-11-01, 29, 56
2020-03-11-02, 11, 36
2020-03-11-03, 28, 29
2020-03-11-04, 51, 39
2020-03-11-05, 57, 33
2020-03-11-06, 30, 36
2020-03-11-07, 37, 25
2020-03-11-08, 54, 37
2020-03-11-09, 19, 49
2020-03-11-10, 12, 15
2020-03-11-11, 26, 12
2020-03-11-12, 37, 55
2020-03-11-13, 43, 50
2020-03-11-14, 16, 25
2020-03-11-15, 32, 24
2020-03-11-16, 50, 46
2020-03-11-17, 39, 14
2020-03-11-18, 27, 15
2020-03-11-19, 39, 18
2020-03-11-20, 24, 22
2020-03-11-21, 2, 27
2020-03-11-22, 39, 2
2020-03-11-23, 33, 23
2020-03-12-00, 14, 17
2020-03-12-01, 28, 38
2020-03-12-02, 11, 49
2020-03-12-03, 19, 19
2020-03-12-04, 39, 21
2020-03-12-05, 59, 22
2020-03-12-06, 25, 46
2020-03-12-07, 4, 46
2020-03-12-08, 51, 40
2020-03-12-09, 56, 48
2020-03-12-10, 23, 42
2020-03-12-11, 37, 5
2020-03-12-12, 6, 49
2020-03-12-13, 3, 50
2020-03-12-14, 56, 11
2020-03-12-15, 4, 37
2020-03-12-16, 52, 57
2020-03-12-17, 6, 8
2020-03-12-18, 11, 26
2020-03-12-19, 48, 1
2020-03-12-20, 59, 20
2020-03-12-21, 1, 25
2020-03-12-22, 33, 31
2020-03-12-23, 26, 34
2020-03-13-00, 48, 19
2020-03-13-01, 40, 5
2020-03-13-02, 30, 11
2020-03-13-03, 37, 38
2020-03-13-04, 55, 3
2020-03-13-05, 18, 35
2020-03-13-06, 51, 13
2020-03-13-07, 54, 36
2020-03-13-08, 11, 40
2020-03-13-09, 18, 9
2020-03-13-10, 48, 41
2020-03-13-11, 51, 32
2020-03-13-12, 52, 49
2020-03-13-13, 24, 35
2020-03-13-14, 4, 45
2020-03-13-15, 58, 48
2020-03-13-16, 9, 15
2020-03-13-17, 49, 35
2020-03-13-18, 12, 5
2020-03-13-19, 27, 26
2020-03-13-20, 53, 34
2020-03-13-21, 36, 31
2020-03-13-22, 25, 26
2020-03-13-23, 56, 2
2020-03-14-00, 17, 48
2020-03-14-01, 29, 12
2020-03-14-02, 24, 12
2020-03-14-03, 13, 16
2020-03-14-04, 46, 48
2020-03-14-05, 59, 19
2020-03-14-06, 44, 13
2020-03-14-07, 17, 3
2020-03-14-08, 23, 36
2020-03-14-09, 52, 49
2020-03-14-10, 46, 31
2020-03-14-11, 18, 11
2020-03-14-12, 29, 59
2020-03-14-13, 51, 56
2020-03-14-14, 15, 55
2020-03-14-15, 21, 32
2020-03-14-16, 8, 26
2020-03-14-17, 9, 21
2020-03-14-18, 1, 25
2020-03-14-19, 47, 34
2020-03-14-20, 6, 31
2020-03-14-21, 4, 43
2020-03-14-22, 38, 23
2020-03-14-23, 58, 44
2020-03-15-00, 7, 26
2020-03-15-01, 58, 38
2020-03-15-02, 34, 24
2020-03-15-03, 1, 59
2020-03-15-04, 56, 25
2020-03-15-05, 59, 3
2020-03-15-06, 3, 12
2020-03-15-07, 16, 13
2020-03-15-08, 57, 2
2020-03-15-09, 26, 32
2020-03-15-10, 21, 46
2020-03-15-11, 27, 41
2020-03-15-12, 52, 17
2020-03-15-13, 22, 37
2020-03-15-14, 17, 32
2020-03-15-15, 13, 23
2020-03-15-16, 8, 55
2020-03-15-17, 17, 39
2020-03-15-18, 30, 22
2020-03-15-19, 29, 32
2020-03-15-20, 39, 14
2020-03-15-21, 36, 59
2020-03-15-22, 52, 44
2020-03-15-23, 35, 58
2020-03-16-00, 53, 54
2020-03-16-01, 24, 14
2020-03-16-02, 36, 56
2020-03-16-03, 40, 17
2020-03-16-04, 45, 6
2020-03-16-05, 44, 9
2020-03-16-06, 43, 52
2020-03-16-07, 48, 36
2020-03-16-08, 39, 0
2020-03-16-09, 2, 24
2020-03-16-10, 58, 41
2020-03-16-11, 24, 0
2020-03-16-12, 30, 47
2020-03-16-13, 3, 45
2020-03-16-14, 48, 30
2020-03-16-15, 49, 31
2020-03-16-16, 33, 8
2020-03-16-17, 22, 33
2020-03-16-18, 32, 50
2020-03-16-19, 0, 20
2020-03-16-20, 28, 8
2020-03-16-21, 16, 43
2020-03-16-22, 45, 11
2020-03-16-23, 49, 31
2020-03-17-00, 9, 40
2020-03-17-01, 37, 16
2020-03-17-02, 16, 55
2020-03-17-03, 41, 2
2020-03-17-04, 57, 34
2020-03-17-05, 3, 58
2020-03-17-06, 38, 41
2020-03-17-07, 6, 53
2020-03-17-08, 9, 21
2020-03-17-09, 17, 32
2020-03-17-10, 52, 35
2020-03-17-11, 33, 13
2020-03-17-12, 5, 35
2020-03-17-13, 42, 21
2020-03-17-14, 15, 9
2020-03-17-15, 6, 31
2020-03-17-16, 25, 13
2020-03-17-17, 0, 30
2020-03-17-18, 17, 6
2020-03-17-19, 59, 11
2020-03-17-20, 31, 7
2020-03-17-21, 45, 41
2020-03-17-22, 33, 28
2020-03-17-23, 41, 15
2020-03-18-00, 21, 17
2020-03-18-01, 17, 23
2020-03-18-02, 48, 5
2020-03-18-03, 37, 59
2020-03-18-04, 53, 52
2020-03-18-05, 29, 22
2020-03-18-06, 22, 11
2020-03-18-07, 34, 19
2020-03-18-08, 16, 58
2020-03-18-09, 14, 50
2020-03-18-10, 22, 49
2020-03-18-11, 7, 15
2020-03-18-12, 10, 6
2020-03-18-13, 44, 57
2020-03-18-14, 20, 52
2020-03-18-15, 20, 32
2020-03-18-16, 54, 15
2020-03-18-17, 6, 56
2020-03-18-18, 3, 36
2020-03-18-19, 55, 5
2020-03-18-20, 0, 26
2020-03-18-21, 16, 40
2020-03-18-22, 27, 51
2020-03-18-23, 59, 34
2020-03-19-00, 3, 24
2020-03-19-01, 31, 47
2020-03-19-02, 41, 43
2020-03-19-03, 3, 29
2020-03-19-04, 0, 21
2020-03-19-05, 1, 11
2020-03-19-06, 53, 26
2020-03-19-07, 56, 17
2020-03-19-08, 20, 47
2020-03-19-09, 44, 15
2020-03-19-10, 17, 59
2020-03-19-11, 20, 10
2020-03-19-12, 45, 35
2020-03-19-13, 2, 16
2020-03-19-14, 49, 3
2020-03-19-15, 43, 26
2020-03-19-16, 48, 1
2020-03-19-17, 16, 46
2020-03-19-18, 38, 16
2020-03-19-19, 7, 28
2020-03-19-20, 21, 30
2020-03-19-21, 38, 15
2020-03-19-22, 27, 31
2020-03-19-23, 4, 1
2020-03-20-00, 31, 14
2020-03-20-01, 6, 53
2020-03-20-02, 16, 24
2020-03-20-03, 18, 31
2020-03-20-04, 33, 11
2020-03-20-05, 1, 51
2020-03-20-06, 42, 41
2020-03-20-07, 41, 20
2020-03-20-08, 48, 44
2020-03-20-09, 43, 59
2020-03-20-10, 6, 57
2020-03-20-11, 53, 57
2020-03-20-12, 23, 24
2020-03-20-13, 39, 27
2020-03-20-14, 29, 7
2020-03-20-15, 54, 54
2020-03-20-16, 0, 36
2020-03-20-17, 40, 40
2020-03-20-18, 25, 26
2020-03-20-19, 26, 55
2020-03-20-20, 0, 52
2020-03-20-21, 19, 56
2020-03-20-22, 20, 26
2020-03-20-23, 46, 2
2020-03-21-00, 56, 55
2020-03-21-01, 9, 31
2020-03-21-02, 58, 11
2020-03-21-03, 22, 25
2020-03-21-04, 39, 15
2020-03-21-05, 58, 19
2020-03-21-06, 21, 56
2020-03-21-07, 9, 58
2020-03-21-08, 31, 12
2020-03-21-09, 56, 4
2020-03-21-10, 59, 13
2020-03-21-11, 29, 0
2020-03-21-12, 26, 20
2020-03-21-13, 19, 8
2020-03-21-14, 56, 45
2020-03-21-15, 12, 54
2020-03-21-16, 53, 31
2020-03-21-17, 16, 46
2020-03-21-18, 17, 27
2020-03-21-19, 43, 22
2020-03-21-20, 15, 17
2020-03-21-21, 8, 31
2020-03-21-22, 34, 52
2020-03-21-23, 11, 16
2020-03-22-00, 16, 1
2020-03-22-01, 55, 25
2020-03-22-02, 5, 9
2020-03-22-03, 33, 22
2020-03-22-04, 14, 20
2020-03-22-05, 48, 51
2020-03-22-06, 28, 7
2020-03-22-07, 9, 41
2020-03-22-08, 12, 5
2020-03-22-09, 4, 58
2020-03-22-10, 30, 27
2020-03-22-11, 39, 44
2020-03-22-12, 19, 55
2020-03-22-13, 29, 7
2020-03-22-14, 16, 22
2020-03-22-15, 51, 11
2020-03-22-16, 23, 59
2020-03-22-17, 38, 48
2020-03-22-18, 7, 22
2020-03-22-19, 6, 13
2020-03-22-20, 24, 30
2020-03-22-21, 43, 41
2020-03-22-22, 30, 56
2020-03-22-23, 47, 20
2020-03-23-00, 55, 13
2020-03-23-01, 9, 25
2020-03-23-02, 30, 58
2020-03-23-03, 35, 24
2020-03-23-04, 32, 15
2020-03-23-05, 13, 59
2020-03-23-06, 22, 21
2020-03-23-07, 39, 8
2020-03-23-08, 6, 4
2020-03-23-09, 37, 24
2020-03-23-10, 58, 23
2020-03-23-11, 19, 46
2020-03-23-12, 43, 49
2020-03-23-13, 50, 13
2020-03-23-14, 32, 23
2020-03-23-15, 0, 42
2020-03-23-16, 41, 42
2020-03-23-17, 54, 1
2020-03-23-18, 50, 27
2020-03-23-19, 36, 11
2020-03-23-20, 12, 7
2020-03-23-21, 6, 0
2020-03-23-22, 31, 40
2020-03-23-23, 10, 28
2020-03-24-00, 54, 40
2020-03-24-01, 46, 28
2020-03-24-02, 29, 19
2020-03-24-03, 46, 2
2020-03-24-04, 20, 56
2020-03-24-05, 17, 24
2020-03-24-06, 15, 41
2020-03-24-07, 21, 0
2020-03-24-08, 55, 54
2020-03-24-09, 22, 34
2020-03-24-10, 48, 14
2020-03-24-11, 5, 19
2020-03-24-12, 36, 19
2020-03-24-13, 42, 9
2020-03-24-14, 43, 7
2020-03-24-15, 35, 36
2020-03-24-16, 50, 56
2020-03-24-17, 52, 39
2020-03-24-18, 8, 51
2020-03-24-19, 24, 25
2020-03-24-20, 52, 38
2020-03-24-21, 42, 47
2020-03-24-22, 24, 18
2020-03-24-23, 11, 18
2020-03-25-00, 6, 43
2020-03-25-01, 20, 33
2020-03-25-02, 23, 41
2020-03-25-03, 58, 37
2020-03-25-04, 7, 43
2020-03-25-05, 8, 45
2020-03-25-06, 16, 2
2020-03-25-07, 19, 54
2020-03-25-08, 8, 31
2020-03-25-09, 51, 27
2020-03-25-10, 25, 43
2020-03-25-11, 1, 56
2020-03-25-12, 21, 58
2020-03-25-13, 2, 24
2020-03-25-14, 48, 44
2020-03-25-15, 3, 54
2020-03-25-16, 27, 52
2020-03-25-17, 6, 4
2020-03-25-18, 49, 14
2020-03-25-19, 41, 47
2020-03-25-20, 55, 28
2020-03-25-21, 51, 25
2020-03-25-22, 55, 6
2020-03-25-23, 45, 30
2020-03-26-00, 18, 9
2020-03-26-01, 35, 11
2020-03-26-02, 6, 57
2020-03-26-03, 26, 59
2020-03-26-04, 23, 5
2020-03-26-05, 24, 20
2020-03-26-06, 38, 3
2020-03-26-07, 53, 9
2020-03-26-08, 16, 2
2020-03-26-09, 55, 51
2020-03-26-10, 46, 46
2020-03-26-11, 44, 18
2020-03-26-12, 46, 44
2020-03-26-13, 6, 9
2020-03-26-14, 45, 33
2020-03-26-15, 3, 24
2020-03-26-16, 52, 32
2020-03-26-17, 0, 15
2020-03-26-18, 29, 45
2020-03-26-19, 50, 4
2020-03-26-20, 18, 42
2020-03-26-21, 47, 2
2020-03-26-22, 4, 15
2020-03-26-23, 16, 52
2020-03-27-00, 24, 47
2020-03-27-01, 39, 53
2020-03-27-02, 20, 45
2020-03-27-03, 3, 9
2020-03-27-04, 25, 14
2020-03-27-05, 42, 51
2020-03-27-06, 46, 47
2020-03-27-07, 23, 11
2020-03-27-08, 30, 15
2020-03-27-09, 31, 33
2020-03-27-10, 8, 10
2020-03-27-11, 27, 38
2020-03-27-12, 44, 56
2020-03-27-13, 15, 42
2020-03-27-14, 10, 0
2020-03-27-15, 13, 35
2020-03-27-16, 20, 23
2020-03-27-17, 38, 49
2020-03-27-18, 34, 4
2020-03-27-19, 29, 49
2020-03-27-20, 6, 31
2020-03-27-21, 24, 13
2020-03-27-22, 41, 58
2020-03-27-23, 11, 24
2020-03-28-00, 46, 2
2020-03-28-01, 9, 8
2020-03-28-02, 15, 34
2020-03-28-03, 44, 50
2020-03-28-04, 3, 4
2020-03-28-05, 50, 12
2020-03-28-06, 2, 13
2020-03-28-07, 47, 31
2020-03-28-08, 11, 44
2020-03-28-09, 1, 41
2020-03-28-10, 0, 1
2020-03-28-11, 48, 48
2020-03-28-12, 22, 12
2020-03-28-13, 10, 33
2020-03-28-14, 0, 27
2020-03-28-15, 44, 26
2020-03-28-16, 43, 48
2020-03-28-17, 1, 28
2020-03-28-18, 11, 25
2020-03-28-19, 11, 52
2020-03-28-20, 26, 32
2020-03-28-21, 22, 12
2020-03-28-22, 47, 25
2020-03-28-23, 9, 29
2020-03-29-00, 56, 32
2020-03-29-01, 5, 56
2020-03-29-02, 4, 17
2020-03-29-03, 42, 44
2020-03-29-04, 55, 45
2020-03-29-05, 34, 4
2020-03-29-06, 16, 7
2020-03-29-07, 18, 9
2020-03-29-08, 34, 17
2020-03-29-09, 17, 36
2020-03-29-10, 32, 46
2020-03-29-11, 29, 1
2020-03-29-12, 34, 9
2020-03-29-13, 39, 43
2020-03-29-14, 21, 38
2020-03-29-15, 1, 29
2020-03-29-16, 37, 41
2020-03-29-17, 59, 54
2020-03-29-18, 41, 30
2020-03-29-19, 17, 30
2020-03-29-20, 2, 5
2020-03-29-21, 2, 57
2020-03-29-22, 56, 7
2020-03-29-23, 34, 56
2020-03-30-00, 26, 57
2020-03-30-01, 48, 19
2020-03-30-02, 7, 34
2020-03-30-03, 3, 28
2020-03-30-04, 30, 44
2020-03-30-05, 57, 9
2020-03-30-06, 27, 5
2020-03-30-07, 18, 59
2020-03-30-08, 32, 50
2020-03-30-09, 4, 38
2020-03-30-10, 0, 32
2020-03-30-11, 5, 36
2020-03-30-12, 8, 23
2020-03-30-13, 20, 6
2020-03-30-14, 28, 43
2020-03-30-15, 57, 13
2020-03-30-16, 54, 0
2020-03-30-17, 22, 35
2020-03-30-18, 26, 9
2020-03-30-19, 59, 51
2020-03-30-20, 59, 6
2020-03-30-21, 4, 45
2020-03-30-22, 39, 34
2020-03-30-23, 59, 51
2020-03-31-00, 8, 52
2020-03-31-01, 17, 21
2020-03-31-02, 48, 24
2020-03-31-03, 15, 0
2020-03-31-04, 38, 56
2020-03-31-05, 21, 17
2020-03-31-06, 45, 27
2020-03-31-07, 26, 15
2020-03-31-08, 18, 12
2020-03-31-09, 18, 59
2020-03-31-10, 21, 21
2020-03-31-11, 1, 18
2020-03-31-12, 25, 7
2020-03-31-13, 21, 14
2020-03-31-14, 23, 1
2020-03-31-15, 28, 12
2020-03-31-16, 30, 39
2020-03-31-17, 32, 6
2020-03-31-18, 5, 18
2020-03-31-19, 17, 56
2020-03-31-20, 25, 58
2020-03-31-21, 5, 34
2020-03-31-22, 12, 22
2020-03-31-23, 25, 53
2020-04-01-00, 13, 42
2020-04-01-01, 3, 48
2020-04-01-02, 3, 0
2020-04-01-03, 44, 8
2020-04-01-04, 45, 56
2020-04-01-05, 8, 32
2020-04-01-06, 0, 29
2020-04-01-07, 14, 9
2020-04-01-08, 40, 10
2020-04-01-09, 34, 0
2020-04-01-10, 45, 8
2020-04-01-11, 21, 4
2020-04-01-12, 21, 0
2020-04-01-13, 16, 54
2020-04-01-14, 52, 35
2020-04-01-15, 25, 51
2020-04-01-16, 32, 25
2020-04-01-17, 53, 35
2020-04-01-18, 17, 1
2020-04-01-19, 18, 59
2020-04-01-20, 49, 20
2020-04-01-21, 44, 9
2020-04-01-22, 7, 48
2020-04-01-23, 49, 54
2020-04-02-00, 38, 27
2020-04-02-01, 5, 46
2020-04-02-02, 42, 35
2020-04-02-03, 43, 51
2020-04-02-04, 46, 0
2020-04-02-05, 34, 7
2020-04-02-06, 42, 47
2020-04-02-07, 29, 49
2020-04-02-08, 54, 55
2020-04-02-09, 21, 28
2020-04-02-10, 59, 54
2020-04-02-11, 22, 26
2020-04-02-12, 5, 27
2020-04-02-13, 35, 22
2020-04-02-14, 37, 6
2020-04-02-15, 29, 9
2020-04-02-16, 24, 25
2020-04-02-17, 57, 43
2020-04-02-18, 24, 32
2020-04-02-19, 42, 6
2020-04-02-20, 55, 15
2020-04-02-21, 14, 10
2020-04-02-22, 45, 16
2020-04-02-23, 47, 46
2020-04-03-00, 42, 35
2020-04-03-01, 28, 35
2020-04-03-02, 50, 34
2020-04-03-03, 6, 24
2020-04-03-04, 55, 3
2020-04-03-05, 7, 39
2020-04-03-06, 31, 22
2020-04-03-07, 17, 43
2020-04-03-08, 52, 22
2020-04-03-09, 45, 55
2020-04-03-10, 23, 13
2020-04-03-11, 52, 17
2020-04-03-12, 20, 11
2020-04-03-13, 14, 34
2020-04-03-14, 17, 56
2020-04-03-15, 30, 27
2020-04-03-16, 1, 56
2020-04-03-17, 49, 53
2020-04-03-18, 12, 35
2020-04-03-19, 16, 48
2020-04-03-20, 58, 37
2020-04-03-21, 7, 16
2020-04-03-22, 59, 22
2020-04-03-23, 2, 44
2020-04-04-00, 55, 22
2020-04-04-01, 36, 54
2020-04-04-02, 58, 43
2020-04-04-03, 16, 42
2020-04-04-04, 56, 53
2020-04-04-05, 43, 18
2020-04-04-06, 23, 25
2020-04-04-07, 30, 26
2020-04-04-08, 59, 28
2020-04-04-09, 7, 18
2020-04-04-10, 48, 53
2020-04-04-11, 33, 3
2020-04-04-12, 39, 56
2020-04-04-13, 12, 58
2020-04-04-14, 32, 46
2020-04-04-15, 12, 25
2020-04-04-16, 26, 11
2020-04-04-17, 40, 5
2020-04-04-18, 27, 31
2020-04-04-19, 7, 35
2020-04-04-20, 25, 21
2020-04-04-21, 24, 38
2020-04-04-22, 4, 46
2020-04-04-23, 53, 30
2020-04-05-00, 0, 9
2020-04-05-01, 28, 37
2020-04-05-02, 33, 37
2020-04-05-03, 34, 47
2020-04-05-04, 47, 20
2020-04-05-05, 4, 46
2020-04-05-06, 28, 48
2020-04-05-07, 17, 27
2020-04-05-08, 49, 34
2020-04-05-09, 46, 53
2020-04-05-10, 55, 52
2020-04-05-11, 21, 35
2020-04-05-12, 4, 8
2020-04-05-13, 20, 19
2020-04-05-14, 42, 49
2020-04-05-15, 41, 0
2020-04-05-16, 52, 14
2020-04-05-17, 3, 47
2020-04-05-18, 9, 59
2020-04-05-19, 30, 4
2020-04-05-20, 49, 8
2020-04-05-21, 36, 20
2020-04-05-22, 57, 31
2020-04-05-23, 58, 22
2020-04-06-00, 4, 10
2020-04-06-01, 51, 43
2020-04-06-02, 22, 20
2020-04-06-03, 17, 58
2020-04-06-04, 53, 36
2020-04-06-05, 33, 57
2020-04-06-06, 29, 31
2020-04-06-07, 34, 9
2020-04-06-08, 33, 42
2020-04-06-09, 37, 8
2020-04-06-10, 23, 40
2020-04-06-11, 50, 53
2020-04-06-12, 18, 30
2020-04-06-13, 24, 34
2020-04-06-14, 30, 38
2020-04-06-15, 45, 33
2020-04-06-16, 7, 33
2020-04-06-17, 5, 2
2020-04-06-18, 0, 47
2020-04-06-19, 34, 55
2020-04-06-20, 16, 4
2020-04-06-21, 57, 53
2020-04-06-22, 47, 27
2020-04-06-23, 25, 5
2020-04-07-00, 26, 45
2020-04-07-01, 25, 9
2020-04-07-02, 4, 26
2020-04-07-03, 49, 43
2020-04-07-04, 52, 0
2020-04-07-05, 36, 33
2020-04-07-06, 54, 38
2020-04-07-07, 11, 32
2020-04-07-08, 12, 13
2020-04-07-09, 35, 3
2020-04-07-10, 3, 53
2020-04-07-11, 32, 22
2020-04-07-12, 1, 56
2020-04-07-13, 10, 51
2020-04-07-14, 2, 1
2020-04-07-15, 44, 34
2020-04-07-16, 40, 32
2020-04-07-17, 0, 29
2020-04-07-18, 56, 29
2020-04-07-19, 30, 22
2020-04-07-20, 24, 18
2020-04-07-21, 36, 54
2020-04-07-22, 38, 39
2020-04-07-23, 1, 51
2020-04-08-00, 0, 44
2020-04-08-01, 32, 8
2020-04-08-02, 2, 30
2020-04-08-03, 0, 29
2020-04-08-04, 40, 26
2020-04-08-05, 50, 30
2020-04-08-06, 17, 29
2020-04-08-07, 52, 37
2020-04-08-08, 16, 36
2020-04-08-09, 29, 17
2020-04-08-10, 32, 36
2020-04-08-11, 25, 55
2020-04-08-12, 54, 31
2020-04-08-13, 27, 19
2020-04-08-14, 11, 5
2020-04-08-15, 1, 57
2020-04-08-16, 6, 7
2020-04-08-17, 58, 20
2020-04-08-18, 24, 15
2020-04-08-19, 8, 13
2020-04-08-20, 45, 12
2020-04-08-21, 29, 45
2020-04-08-22, 40, 28
2020-04-08-23, 56, 39
2020-04-09-00, 56, 13
2020-04-09-01, 50, 12
2020-04-09-02, 9, 49
2020-04-09-03, 34, 52
2020-04-09-04, 47, 42
2020-04-09-05, 9, 8
2020-04-09-06, 49, 58
2020-04-09-07, 7, 48
2020-04-09-08, 30, 45
2020-04-09-09, 31, 24
2020-04-09-10, 1, 17
2020-04-09-11, 1, 57
2020-04-09-12, 37, 59
2020-04-09-13, 37, 10
2020-04-09-14, 13, 4
2020-04-09-15, 15, 50
2020-04-09-16, 24, 22
2020-04-09-17, 8, 57
2020-04-09-18, 9, 14
2020-04-09-19, 46, 19
2020-04-09-20, 53, 14
2020-04-09-21, 57, 11
2020-04-09-22, 39, 25
2020-04-09-23, 37, 57
2020-04-10-00, 45, 54
2020-04-10-01, 37, 38
2020-04-10-02, 51, 58
2020-04-10-03, 5, 0
2020-04-10-04, 27, 43
2020-04-10-05, 54, 59
2020-04-10-06, 55, 59
2020-04-10-07, 27, 29
2020-04-10-08, 31, 18
2020-04-10-09, 32, 3
2020-04-10-10, 32, 6
2020-04-10-11, 18, 53
2020-04-10-12, 53, 18
2020-04-10-13, 12, 7
2020-04-10-14, 32, 9
2020-04-10-15, 14, 33
2020-04-10-16, 30, 24
2020-04-10-17, 6, 43
2020-04-10-18, 26, 46
2020-04-10-19, 7, 50
2020-04-10-20, 41, 54
2020-04-10-21, 20, 8
2020-04-10-22, 7, 30
2020-04-10-23, 53, 9
2020-04-11-00, 37, 35
2020-04-11-01, 16, 46
2020-04-11-02, 0, 47
2020-04-11-03, 38, 5
2020-04-11-04, 8, 57
2020-04-11-05, 34, 49
2020-04-11-06, 11, 33
2020-04-11-07, 27, 37
2020-04-11-08, 33, 18
2020-04-11-09, 22, 11
2020-04-11-10, 28, 49
2020-04-11-11, 2, 12
2020-04-11-12, 36, 47
2020-04-11-13, 40, 37
2020-04-11-14, 54, 47
2020-04-11-15, 49, 0
2020-04-11-16, 2, 9
2020-04-11-17, 13, 49
2020-04-11-18, 23, 2
2020-04-11-19, 7, 55
2020-04-11-20, 0, 58
2020-04-11-21, 5, 0
2020-04-11-22, 55, 20
2020-04-11-23, 43, 30
2020-04-12-00, 57, 31
2020-04-12-01, 22, 55
2020-04-12-02, 53, 7
2020-04-12-03, 15, 51
2020-04-12-04, 29, 13
2020-04-12-05, 59, 11
2020-04-12-06, 26, 8
2020-04-12-07, 36, 34
2020-04-12-08, 53, 23
2020-04-12-09, 45, 35
2020-04-12-10, 2, 34
2020-04-12-11, 24, 32
2020-04-12-12, 17, 35
2020-04-12-13, 24, 15
2020-04-12-14, 0, 44
2020-04-12-15, 3, 10
2020-04-12-16, 5, 32
2020-04-12-17, 6, 36
2020-04-12-18, 19, 53
2020-04-12-19, 29, 10
2020-04-12-20, 59, 18
2020-04-12-21, 49, 11
2020-04-12-22, 33, 25
2020-04-12-23, 11, 8
2020-04-13-00, 20, 15
2020-04-13-01, 17, 1
2020-04-13-02, 25, 49
2020-04-13-03, 0, 4
2020-04-13-04, 4, 49
2020-04-13-05, 31, 18
2020-04-13-06, 21, 26
2020-04-13-07, 6, 57
2020-04-13-08, 7, 49
2020-04-13-09, 56, 17
2020-04-13-10, 16, 21
2020-04-13-11, 58, 23
2020-04-13-12, 44, 0
2020-04-13-13, 33, 28
2020-04-13-14, 33, 29
2020-04-13-15, 29, 13
2020-04-13-16, 29, 20
2020-04-13-17, 27, 31
2020-04-13-18, 28, 56
2020-04-13-19, 18, 30
2020-04-13-20, 38, 32
2020-04-13-21, 7, 56
2020-04-13-22, 18, 19
2020-04-13-23, 57, 10
2020-04-14-00, 58, 44
2020-04-14-01, 53, 19
2020-04-14-02, 33, 10
2020-04-14-03, 10, 11
2020-04-14-04, 23, 5
2020-04-14-05, 50, 0
2020-04-14-06, 23, 15
2020-04-14-07, 53, 29
2020-04-14-08, 22, 29
2020-04-14-09, 26, 33
2020-04-14-10, 0, 27
2020-04-14-11, 55, 30
2020-04-14-12, 48, 39
2020-04-14-13, 37, 15
2020-04-14-14, 8, 57
2020-04-14-15, 57, 16
2020-04-14-16, 15, 58
2020-04-14-17, 38, 39
2020-04-14-18, 56, 37
2020-04-14-19, 46, 0
2020-04-14-20, 45, 45
2020-04-14-21, 20, 7
2020-04-14-22, 55, 8
2020-04-14-23, 59, 54
2020-04-15-00, 46, 50
2020-04-15-01, 22, 16
2020-04-15-02, 45, 3
2020-04-15-03, 7, 28
2020-04-15-04, 59, 28
2020-04-15-05, 5, 33
2020-04-15-06, 1, 35
2020-04-15-07, 26, 58
2020-04-15-08, 1, 51
2020-04-15-09, 41, 6
2020-04-15-10, 4, 14
2020-04-15-11, 9, 15
2020-04-15-12, 34, 51
2020-04-15-13, 3, 29
2020-04-15-14, 40, 35
2020-04-15-15, 54, 15
2020-04-15-16, 16, 46
2020-04-15-17, 59, 33
2020-04-15-18, 12, 58
2020-04-15-19, 51, 30
2020-04-15-20, 56, 18
2020-04-15-21, 17, 15
2020-04-15-22, 5, 57
2020-04-15-23, 57, 44
2020-04-16-00, 11, 15
2020-04-16-01, 46, 34
2020-04-16-02, 41, 13
2020-04-16-03, 16, 20
2020-04-16-04, 41, 8
2020-04-16-05, 31, 41
2020-04-16-06, 40, 56
2020-04-16-07, 52, 20
2020-04-16-08, 6, 18
2020-04-16-09, 10, 43
2020-04-16-10, 58, 0
2020-04-16-11, 51, 34
2020-04-16-12, 51, 48
2020-04-16-13, 38, 10
2020-04-16-14, 25, 37
2020-04-16-15, 49, 31
2020-04-16-16, 17, 36
2020-04-16-17, 43, 31
2020-04-16-18, 59, 50
2020-04-16-19, 59, 15
2020-04-16-20, 44, 21
2020-04-16-21, 18, 54
2020-04-16-22, 35, 42
2020-04-16-23, 53, 36
2020-04-17-00, 22, 4
2020-04-17-01, 37, 8
2020-04-17-02, 9, 59
2020-04-17-03, 48, 26
2020-04-17-04, 2, 40
2020-04-17-05, 12, 32
2020-04-17-06, 51, 48
2020-04-17-07, 22, 37
2020-04-17-08, 10, 29
2020-04-17-09, 42, 9
2020-04-17-10, 2, 56
2020-04-17-11, 16, 23
2020-04-17-12, 47, 16
2020-04-17-13, 19, 40
2020-04-17-14, 8, 46
2020-04-17-15, 0, 48
2020-04-17-16, 58, 9
2020-04-17-17, 44, 43
2020-04-17-18, 22, 38
2020-04-17-19, 6, 10
2020-04-17-20, 27, 18
2020-04-17-21, 20, 27
2020-04-17-22, 28, 6
2020-04-17-23, 50, 8
2020-04-18-00, 13, 33
2020-04-18-01, 6, 35
2020-04-18-02, 32, 41
2020-04-18-03, 57, 22
2020-04-18-04, 52, 1
2020-04-18-05, 7, 24
2020-04-18-06, 5, 5
2020-04-18-07, 33, 25
2020-04-18-08, 37, 43
2020-04-18-09, 28, 18
2020-04-18-10, 25, 15
2020-04-18-11, 27, 0
2020-04-18-12, 28, 16
2020-04-18-13, 44, 54
2020-04-18-14, 40, 23
2020-04-18-15, 56, 42
2020-04-18-16, 12, 6
2020-04-18-17, 51, 6
2020-04-18-18, 27, 4
2020-04-18-19, 57, 57
2020-04-18-20, 50, 5
2020-04-18-21, 47, 17
2020-04-18-22, 0, 52
2020-04-18-23, 6, 33
2020-04-19-00, 52, 56
2020-04-19-01, 25, 50
2020-04-19-02, 56, 17
2020-04-19-03, 5, 16
2020-04-19-04, 27, 27
2020-04-19-05, 56, 2
2020-04-19-06, 16, 14
2020-04-19-07, 10, 47
2020-04-19-08, 27, 0
2020-04-19-09, 17, 26
2020-04-19-10, 46, 47
2020-04-19-11, 25, 17
2020-04-19-12, 56, 29
2020-04-19-13, 39, 55
2020-04-19-14, 43, 31
2020-04-19-15, 12, 48
2020-04-19-16, 13, 24
2020-04-19-17, 12, 3
2020-04-19-18, 13, 39
2020-04-19-19, 58, 48
2020-04-19-20, 33, 32
2020-04-19-21, 43, 15
2020-04-19-22, 25, 33
2020-04-19-23, 13, 19
2020-04-20-00, 43, 56
2020-04-20-01, 59, 57
2020-04-20-02, 53, 54
2020-04-20-03, 20, 8
2020-04-20-04, 3, 19
2020-04-20-05, 14, 42
2020-04-20-06, 25, 33
2020-04-20-07, 17, 53
2020-04-20-08, 13, 24
2020-04-20-09, 55, 31
2020-04-20-10, 49, 10
2020-04-20-11, 0, 56
2020-04-20-12, 18, 17
2020-04-20-13, 13, 59
2020-04-20-14, 56, 7
2020-04-20-15, 16, 15
2020-04-20-16, 43, 49
2020-04-20-17, 32, 8
2020-04-20-18, 10, 55
2020-04-20-19, 20, 42
2020-04-20-20, 20, 55
2020-04-20-21, 24, 16
2020-04-20-22, 0, 44
2020-04-20-23, 24, 4
2020-04-21-00, 0, 56
2020-04-21-01, 53, 52
2020-04-21-02, 41, 44
2020-04-21-03, 21, 24
2020-04-21-04, 57, 34
2020-04-21-05, 38, 37
2020-04-21-06, 30, 11
2020-04-21-07, 2, 47
2020-04-21-08, 39, 37
2020-04-21-09, 44, 31
2020-04-21-10, 26, 37
2020-04-21-11, 32, 56
2020-04-21-12, 39, 23
2020-04-21-13, 0, 4
2020-04-21-14, 28, 54
2020-04-21-15, 32, 18
2020-04-21-16, 28, 9
2020-04-21-17, 5, 45
2020-04-21-18, 20, 17
2020-04-21-19, 56, 51
2020-04-21-20, 35, 19
2020-04-21-21, 59, 25
2020-04-21-22, 43, 45
2020-04-21-23, 3, 3
2020-04-22-00, 38, 44
2020-04-22-01, 55, 30
2020-04-22-02, 6, 7
2020-04-22-03, 2, 31
2020-04-22-04, 42, 12
2020-04-22-05, 30, 52
2020-04-22-06, 9, 23
2020-04-22-07, 59, 0
2020-04-22-08, 27, 25
2020-04-22-09, 0, 54
2020-04-22-10, 10, 35
2020-04-22-11, 16, 6
2020-04-22-12, 45, 24
2020-04-22-13, 15, 8
2020-04-22-14, 25, 25
2020-04-22-15, 19, 15
2020-04-22-16, 32, 52
2020-04-22-17, 35, 57
2020-04-22-18, 47, 17
2020-04-22-19, 31, 23
2020-04-22-20, 43, 15
2020-04-22-21, 17, 48
2020-04-22-22, 4, 56
2020-04-22-23, 23, 36
2020-04-23-00, 10, 37
2020-04-23-01, 39, 0
2020-04-23-02, 24, 46
2020-04-23-03, 56, 43
2020-04-23-04, 18, 59
2020-04-23-05, 59, 54
2020-04-23-06, 30, 42
2020-04-23-07, 30, 36
2020-04-23-08, 34, 54
2020-04-23-09, 34, 14
2020-04-23-10, 52, 43
2020-04-23-11, 56, 30
2020-04-23-12, 41, 44
2020-04-23-13, 20, 23
2020-04-23-14, 28, 6
2020-04-23-15, 57, 58
2020-04-23-16, 10, 0
2020-04-23-17, 22, 53
2020-04-23-18, 52, 7
2020-04-23-19, 56, 37
2020-04-23-20, 51, 5
2020-04-23-21, 13, 34
2020-04-23-22, 11, 48
2020-04-23-23, 49, 4
2020-04-24-00, 25, 13
2020-04-24-01, 52, 27
2020-04-24-02, 1, 1
2020-04-24-03, 45, 53
2020-04-24-04, 42, 32
2020-04-24-05, 43, 2
2020-04-24-06, 3, 41
2020-04-24-07, 14, 3
2020-04-24-08, 18, 54
2020-04-24-09, 27, 25
2020-04-24-10, 29, 40
2020-04-24-11, 55, 10
2020-04-24-12, 19, 12
2020-04-24-13, 48, 38
2020-04-24-14, 55, 34
2020-04-24-15, 18, 3
2020-04-24-16, 6, 56
2020-04-24-17, 4, 1
2020-04-24-18, 4, 47
2020-04-24-19, 21, 38
2020-04-24-20, 20, 7
2020-04-24-21, 40, 29
2020-04-24-22, 41, 51
2020-04-24-23, 47, 52
2020-04-25-00, 22, 6
2020-04-25-01, 30, 33
2020-04-25-02, 54, 47
2020-04-25-03, 37, 12
2020-04-25-04, 25, 31
2020-04-25-05, 55, 44
2020-04-25-06, 31, 30
2020-04-25-07, 11, 0
2020-04-25-08, 6, 4
2020-04-25-09, 13, 25
2020-04-25-10, 42, 55
2020-04-25-11, 52, 29
2020-04-25-12, 40, 51
2020-04-25-13, 9, 23
2020-04-25-14, 56, 40
2020-04-25-15, 35, 54
2020-04-25-16, 12, 31
2020-04-25-17, 28, 53
2020-04-25-18, 4, 7
2020-04-25-19, 43, 31
2020-04-25-20, 46, 38
2020-04-25-21, 45, 13
2020-04-25-22, 14, 20
2020-04-25-23, 44, 52
2020-04-26-00, 2, 10
2020-04-26-01, 40, 56
2020-04-26-02, 36, 34
2020-04-26-03, 24, 33
2020-04-26-04, 57, 13
2020-04-26-05, 25, 42
2020-04-26-06, 17, 57
2020-04-26-07, 19, 27
2020-04-26-08, 20, 16
2020-04-26-09, 49, 59
2020-04-26-10, 13, 2
2020-04-26-11, 50, 19
2020-04-26-12, 28, 46
2020-04-26-13, 30, 43
2020-04-26-14, 26, 33
2020-04-26-15, 38, 49
2020-04-26-16, 38, 21
2020-04-26-17, 22, 26
2020-04-26-18, 52, 57
2020-04-26-19, 20, 17
2020-04-26-20, 20, 34
2020-04-26-21, 21, 45
2020-04-26-22, 43, 8
2020-04-26-23, 1, 5
2020-04-27-00, 11, 17
2020-04-27-01, 50, 10
2020-04-27-02, 48, 11
2020-04-27-03, 6, 44
2020-04-27-04, 43, 31
2020-04-27-05, 33, 52
2020-04-27-06, 16, 48
2020-04-27-07, 13, 7
2020-04-27-08, 53, 55
2020-04-27-09, 17, 16
2020-04-27-10, 54, 0
2020-04-27-11, 39, 46
2020-04-27-12, 2, 4
2020-04-27-13, 27, 11
2020-04-27-14, 5, 40
2020-04-27-15, 15, 55
2020-04-27-16, 48, 52
2020-04-27-17, 33, 27
2020-04-27-18, 55, 16
2020-04-27-19, 16, 28
2020-04-27-20, 44, 28
2020-04-27-21, 10, 6
2020-04-27-22, 19, 14
2020-04-27-23, 27, 14
2020-04-28-00, 19, 34
2020-04-28-01, 53, 2
2020-04-28-02, 58, 53
2020-04-28-03, 50, 9
2020-04-28-04, 47, 25
2020-04-28-05, 47, 12
2020-04-28-06, 7, 59
2020-04-28-07, 10, 54
2020-04-28-08, 53, 48
2020-04-28-09, 43, 47
2020-04-28-10, 43, 49
2020-04-28-11, 11, 7
2020-04-28-12, 51, 45
2020-04-28-13, 21, 2
2020-04-28-14, 14, 17
2020-04-28-15, 7, 33
2020-04-28-16, 20, 13
2020-04-28-17, 4, 11
2020-04-28-18, 38, 56
2020-04-28-19, 52, 10
2020-04-28-20, 10, 3
2020-04-28-21, 28, 8
2020-04-28-22, 34, 25
2020-04-28-23, 3, 50
2020-04-29-00, 43, 52
2020-04-29-01, 14, 31
2020-04-29-02, 58, 13
2020-04-29-03, 56, 49
2020-04-29-04, 12, 29
2020-04-29-05, 2, 55
2020-04-29-06, 20, 13
2020-04-29-07, 0, 21
2020-04-29-08, 27, 8
2020-04-29-09, 38, 35
2020-04-29-10, 31, 42
2020-04-29-11, 56, 38
2020-04-29-12, 50, 40
2020-04-29-13, 36, 54
2020-04-29-14, 7, 50
2020-04-29-15, 10, 55
2020-04-29-16, 32, 33
2020-04-29-17, 15, 7
2020-04-29-18, 23, 33
2020-04-29-19, 21, 4
2020-04-29-20, 40, 7
2020-04-29-21, 58, 14
2020-04-29-22, 4, 15
2020-04-29-23, 58, 53
2020-04-30-00, 50, 23
2020-04-30-01, 42, 17
2020-04-30-02, 33, 58
2020-04-30-03, 56, 37
2020-04-30-04, 18, 35
2020-04-30-05, 24, 18
2020-04-30-06, 43, 1
2020-04-30-07, 16, 21
2020-04-30-08, 13, 53
2020-04-30-09, 37, 39
2020-04-30-10, 16, 8
2020-04-30-11, 4, 49
2020-04-30-12, 43, 42
2020-04-30-13, 7, 21
2020-04-30-14, 12, 33
2020-04-30-15, 48, 22
2020-04-30-16, 1, 20
2020-04-30-17, 53, 6
2020-04-30-18, 39, 19
2020-04-30-19, 28, 55
2020-04-30-20, 40, 36
2020-04-30-21, 45, 7
2020-04-30-22, 0, 52
2020-04-30-23, 26, 32
2020-05-01-00, 17, 28
2020-05-01-01, 33, 12
2020-05-01-02, 53, 4
2020-05-01-03, 48, 23
2020-05-01-04, 8, 50
2020-05-01-05, 59, 56
2020-05-01-06, 32, 9
2020-05-01-07, 10, 49
2020-05-01-08, 35, 39
2020-05-01-09, 0, 32
2020-05-01-10, 40, 6
2020-05-01-11, 52, 25
2020-05-01-12, 11, 24
2020-05-01-13, 50, 44
2020-05-01-14, 3, 33
2020-05-01-15, 44, 11
2020-05-01-16, 59, 19
2020-05-01-17, 16, 32
2020-05-01-18, 54, 49
2020-05-01-19, 15, 25
2020-05-01-20, 27, 55
2020-05-01-21, 11, 57
2020-05-01-22, 26, 49
2020-05-01-23, 46, 10
2020-05-02-00, 26, 29
2020-05-02-01, 36, 43
2020-05-02-02, 18, 17
2020-05-02-03, 42, 16
2020-05-02-04, 24, 54
2020-05-02-05, 38, 41
2020-05-02-06, 41, 0
2020-05-02-07, 4, 15
2020-05-02-08, 51, 19
2020-05-02-09, 26, 23
2020-05-02-10, 54, 35
2020-05-02-11, 39, 7
2020-05-02-12, 33, 51
2020-05-02-13, 22, 55
2020-05-02-14, 26, 26
2020-05-02-15, 45, 32
2020-05-02-16, 49, 2
2020-05-02-17, 20, 47
2020-05-02-18, 43, 23
2020-05-02-19, 34, 42
2020-05-02-20, 48, 4
2020-05-02-21, 13, 55
2020-05-02-22, 46, 11
2020-05-02-23, 16, 51
2020-05-03-00, 32, 41
2020-05-03-01, 15, 0
2020-05-03-02, 38, 24
2020-05-03-03, 27, 47
2020-05-03-04, 46, 16
2020-05-03-05, 34, 15
2020-05-03-06, 56, 20
2020-05-03-07, 2, 34
2020-05-03-08, 38, 17
2020-05-03-09, 36, 26
2020-05-03-10, 52, 38
2020-05-03-11, 49, 31
2020-05-03-12, 27, 11
2020-05-03-13, 32, 11
2020-05-03-14, 52, 54
2020-05-03-15, 47, 13
2020-05-03-16, 18, 21
2020-05-03-17, 10, 57
2020-05-03-18, 53, 10
2020-05-03-19, 51, 8
2020-05-03-20, 15, 45
2020-05-03-21, 33, 22
2020-05-03-22, 0, 16
2020-05-03-23, 18, 35
2020-05-04-00, 0, 8
2020-05-04-01, 29, 38
2020-05-04-02, 39, 32
2020-05-04-03, 15, 38
2020-05-04-04, 17, 21
2020-05-04-05, 27, 8
2020-05-04-06, 13, 12
2020-05-04-07, 48, 44
2020-05-04-08, 18, 28
2020-05-04-09, 53, 33
2020-05-04-10, 1, 16
2020-05-04-11, 15, 25
2020-05-04-12, 26, 1
2020-05-04-13, 41, 56
2020-05-04-14, 50, 11
2020-05-04-15, 8, 43
2020-05-04-16, 43, 30
2020-05-04-17, 33, 50
2020-05-04-18, 55, 9
2020-05-04-19, 32, 4
2020-05-04-20, 53, 38
2020-05-04-21, 0, 57
2020-05-04-22, 36, 8
2020-05-04-23, 47, 58
2020-05-05-00, 12, 34
2020-05-05-01, 27, 56
2020-05-05-02, 47, 5
2020-05-05-03, 59, 18
2020-05-05-04, 21, 28
2020-05-05-05, 11, 59
2020-05-05-06, 51, 11
2020-05-05-07, 0, 57
2020-05-05-08, 46, 39
2020-05-05-09, 22, 59
2020-05-05-10, 1, 2
2020-05-05-11, 29, 23
2020-05-05-12, 30, 50
2020-05-05-13, 54, 19
2020-05-05-14, 21, 10
2020-05-05-15, 20, 28
2020-05-05-16, 30, 58
2020-05-05-17, 29, 59
2020-05-05-18, 47, 58
2020-05-05-19, 29, 53
2020-05-05-20, 59, 24
2020-05-05-21, 5, 7
2020-05-05-22, 2, 51
2020-05-05-23, 51, 7
2020-05-06-00, 0, 51
2020-05-06-01, 0, 0
2020-05-06-02, 47, 47
2020-05-06-03, 53, 14
2020-05-06-04, 42, 23
2020-05-06-05, 54, 36
2020-05-06-06, 50, 21
2020-05-06-07, 47, 51
2020-05-06-08, 50, 28
2020-05-06-09, 33, 58
2020-05-06-10, 19, 32
2020-05-06-11, 0, 8
2020-05-06-12, 49, 4
2020-05-06-13, 0, 48
2020-05-06-14, 20, 25
2020-05-06-15, 26, 30
2020-05-06-16, 45, 38
2020-05-06-17, 37, 42
2020-05-06-18, 55, 9
2020-05-06-19, 13, 58
2020-05-06-20, 3, 12
2020-05-06-21, 17, 30
2020-05-06-22, 27, 46
2020-05-06-23, 4, 26
2020-05-07-00, 58, 5
2020-05-07-01, 29, 1
2020-05-07-02, 23, 33
2020-05-07-03, 32, 19
2020-05-07-04, 7, 2
2020-05-07-05, 14, 1
2020-05-07-06, 19, 17
2020-05-07-07, 30, 19
2020-05-07-08, 0, 46
2020-05-07-09, 56, 44
2020-05-07-10, 11, 3
2020-05-07-11, 42, 22
2020-05-07-12, 44, 38
2020-05-07-13, 0, 33
2020-05-07-14, 58, 5
2020-05-07-15, 54, 25
2020-05-07-16, 5, 33
2020-05-07-17, 56, 55
2020-05-07-18, 2, 37
2020-05-07-19, 25, 5
2020-05-07-20, 47, 21
2020-05-07-21, 1, 1
2020-05-07-22, 7, 55
2020-05-07-23, 44, 29
2020-05-08-00, 4, 26
2020-05-08-01, 9, 20
2020-05-08-02, 25, 53
2020-05-08-03, 8, 29
2020-05-08-04, 51, 45
2020-05-08-05, 38, 1
2020-05-08-06, 54, 54
2020-05-08-07, 42, 56
2020-05-08-08, 5, 13
2020-05-08-09, 57, 43
2020-05-08-10, 44, 38
2020-05-08-11, 38, 11
2020-05-08-12, 17, 13
2020-05-08-13, 44, 24
2020-05-08-14, 8, 46
2020-05-08-15, 51, 12
2020-05-08-16, 26, 27
2020-05-08-17, 52, 17
2020-05-08-18, 33, 27
2020-05-08-19, 17, 28
2020-05-08-20, 37, 54
2020-05-08-21, 21, 19
2020-05-08-22, 26, 37
2020-05-08-23, 13, 48
2020-05-09-00, 41, 4
2020-05-09-01, 28, 45
2020-05-09-02, 51, 44
2020-05-09-03, 44, 18
2020-05-09-04, 14, 38
2020-05-09-05, 32, 57
2020-05-09-06, 15, 28
2020-05-09-07, 58, 21
2020-05-09-08, 7, 43
2020-05-09-09, 9, 21
2020-05-09-10, 50, 56
2020-05-09-11, 4, 5
2020-05-09-12, 5, 40
2020-05-09-13, 35, 46
2020-05-09-14, 47, 20
2020-05-09-15, 8, 25
2020-05-09-16, 1, 52
2020-05-09-17, 21, 16
2020-05-09-18, 45, 16
2020-05-09-19, 13, 23
2020-05-09-20, 26, 54
2020-05-09-21, 53, 25
2020-05-09-22, 10, 47
2020-05-09-23, 28, 41
2020-05-10-00, 52, 35
2020-05-10-01, 36, 45
2020-05-10-02, 30, 59
2020-05-10-03, 49, 27
2020-05-10-04, 57, 31
2020-05-10-05, 53, 23
2020-05-10-06, 12, 39
2020-05-10-07, 35, 26
2020-05-10-08, 0, 34
2020-05-10-09, 50, 15
2020-05-10-10, 29, 1
2020-05-10-11, 50, 30
2020-05-10-12, 5, 24
2020-05-10-13, 10, 56
2020-05-10-14, 26, 33
2020-05-10-15, 2, 7
2020-05-10-16, 52, 39
2020-05-10-17, 52, 52
2020-05-10-18, 5, 54
2020-05-10-19, 51, 56
2020-05-10-20, 36, 37
2020-05-10-21, 8, 50
2020-05-10-22, 45, 1
2020-05-10-23, 28, 54
2020-05-11-00, 1, 27
2020-05-11-01, 43, 0
2020-05-11-02, 58, 49
2020-05-11-03, 51, 37
2020-05-11-04, 28, 54
2020-05-11-05, 10, 17
2020-05-11-06, 0, 32
2020-05-11-07, 39, 30
2020-05-11-08, 33, 25
2020-05-11-09, 40, 34
2020-05-11-10, 30, 58
2020-05-11-11, 56, 11
2020-05-11-12, 52, 58
2020-05-11-13, 3, 45
2020-05-11-14, 20, 30
2020-05-11-15, 18, 1
2020-05-11-16, 38, 2
2020-05-11-17, 52, 4
2020-05-11-18, 41, 50
2020-05-11-19, 1, 38
2020-05-11-20, 23, 10
2020-05-11-21, 12, 4
2020-05-11-22, 44, 45
2020-05-11-23, 9, 32
2020-05-12-00, 7, 57
2020-05-12-01, 15, 56
2020-05-12-02, 54, 57
2020-05-12-03, 26, 52
2020-05-12-04, 26, 34
2020-05-12-05, 32, 49
2020-05-12-06, 5, 33
2020-05-12-07, 17, 24
2020-05-12-08, 38, 39
2020-05-12-09, 58, 15
2020-05-12-10, 12, 2
2020-05-12-11, 2, 0
2020-05-12-12, 0, 14
2020-05-12-13, 6, 59
2020-05-12-14, 5, 59
2020-05-12-15, 52, 7
2020-05-12-16, 16, 20
2020-05-12-17, 42, 20
2020-05-12-18, 57, 36
2020-05-12-19, 55, 38
2020-05-12-20, 44, 13
2020-05-12-21, 18, 11
2020-05-12-22, 3, 23
2020-05-12-23, 53, 29
2020-05-13-00, 32, 35
2020-05-13-01, 1, 22
2020-05-13-02, 48, 17
2020-05-13-03, 14, 9
2020-05-13-04, 21, 13
2020-05-13-05, 39, 54
2020-05-13-06, 48, 9
2020-05-13-07, 33, 1
2020-05-13-08, 32, 57
2020-05-13-09, 27, 57
2020-05-13-10, 33, 35
2020-05-13-11, 24, 4
2020-05-13-12, 24, 53
2020-05-13-13, 15, 35
2020-05-13-14, 3, 12
2020-05-13-15, 14, 45
2020-05-13-16, 48, 43
2020-05-13-17, 15, 7
2020-05-13-18, 6, 21
2020-05-13-19, 25, 50
2020-05-13-20, 20, 53
2020-05-13-21, 7, 40
2020-05-13-22, 22, 36
2020-05-13-23, 35, 59
2020-05-14-00, 15, 53
2020-05-14-01, 34, 39
2020-05-14-02, 52, 1
2020-05-14-03, 1, 37
2020-05-14-04, 35, 10
2020-05-14-05, 2, 41
2020-05-14-06, 12, 13
2020-05-14-07, 4, 17
2020-05-14-08, 47, 13
2020-05-14-09, 5, 39
2020-05-14-10, 37, 13
2020-05-14-11, 8, 37
2020-05-14-12, 16, 32
2020-05-14-13, 41, 37
2020-05-14-14, 19, 30
2020-05-14-15, 14, 48
2020-05-14-16, 45, 16
2020-05-14-17, 34, 20
2020-05-14-18, 21, 43
2020-05-14-19, 56, 46
2020-05-14-20, 4, 33
2020-05-14-21, 9, 2
2020-05-14-22, 39, 38
2020-05-14-23, 16, 0
2020-05-15-00, 25, 30
2020-05-15-01, 54, 41
2020-05-15-02, 5, 57
2020-05-15-03, 57, 40
2020-05-15-04, 42, 10
2020-05-15-05, 24, 8
2020-05-15-06, 59, 33
2020-05-15-07, 12, 54
2020-05-15-08, 43, 54
2020-05-15-09, 56, 53
2020-05-15-10, 9, 17
2020-05-15-11, 13, 36
2020-05-15-12, 37, 28
2020-05-15-13, 1, 14
2020-05-15-14, 1, 16
2020-05-15-15, 14, 51
2020-05-15-16, 59, 59
2020-05-15-17, 55, 8
2020-05-15-18, 39, 44
2020-05-15-19, 47, 11
2020-05-15-20, 33, 24
2020-05-15-21, 3, 17
2020-05-15-22, 48, 55
2020-05-15-23, 25, 51
2020-05-16-00, 44, 53
2020-05-16-01, 51, 1
2020-05-16-02, 58, 32
2020-05-16-03, 21, 56
2020-05-16-04, 1, 23
2020-05-16-05, 32, 11
2020-05-16-06, 50, 34
2020-05-16-07, 44, 6
2020-05-16-08, 5, 21
2020-05-16-09, 14, 57
2020-05-16-10, 45, 32
2020-05-16-11, 43, 7
2020-05-16-12, 3, 56
2020-05-16-13, 4, 42
2020-05-16-14, 35, 58
2020-05-16-15, 58, 7
2020-05-16-16, 37, 42
2020-05-16-17, 31, 4
2020-05-16-18, 5, 0
2020-05-16-19, 10, 46
2020-05-16-20, 5, 43
2020-05-16-21, 34, 57
2020-05-16-22, 54, 22
2020-05-16-23, 16, 33
2020-05-17-00, 34, 30
2020-05-17-01, 2, 24
2020-05-17-02, 45, 46
2020-05-17-03, 49, 59
2020-05-17-04, 38, 36
2020-05-17-05, 32, 25
2020-05-17-06, 10, 12
2020-05-17-07, 28, 23
2020-05-17-08, 47, 46
2020-05-17-09, 21, 30
2020-05-17-10, 26, 50
2020-05-17-11, 38, 49
2020-05-17-12, 56, 13
2020-05-17-13, 55, 37
2020-05-17-14, 20, 58
2020-05-17-15, 37, 7
2020-05-17-16, 14, 26
2020-05-17-17, 32, 49
2020-05-17-18, 24, 52
2020-05-17-19, 33, 56
2020-05-17-20, 49, 29
2020-05-17-21, 53, 51
2020-05-17-22, 14, 14
2020-05-17-23, 14, 1
2020-05-18-00, 18, 54
2020-05-18-01, 59, 35
2020-05-18-02, 43, 4
2020-05-18-03, 1, 46
2020-05-18-04, 26, 0
2020-05-18-05, 7, 11
2020-05-18-06, 13, 43
2020-05-18-07, 9, 14
2020-05-18-08, 12, 32
2020-05-18-09, 14, 51
2020-05-18-10, 54, 9
2020-05-18-11, 44, 33
2020-05-18-12, 4, 23
2020-05-18-13, 28, 34
2020-05-18-14, 22, 39
2020-05-18-15, 58, 55
2020-05-18-16, 4, 22
2020-05-18-17, 37, 38
2020-05-18-18, 34, 36
2020-05-18-19, 56, 38
2020-05-18-20, 48, 35
2020-05-18-21, 1, 26
2020-05-18-22, 26, 47
2020-05-18-23, 12, 39
2020-05-19-00, 58, 2
2020-05-19-01, 7, 47
2020-05-19-02, 47, 13
2020-05-19-03, 42, 11
2020-05-19-04, 7, 23
2020-05-19-05, 57, 10
2020-05-19-06, 23, 59
2020-05-19-07, 54, 37
2020-05-19-08, 38, 15
2020-05-19-09, 40, 41
2020-05-19-10, 47, 13
2020-05-19-11, 52, 7
2020-05-19-12, 48, 40
2020-05-19-13, 36, 46
2020-05-19-14, 6, 20
2020-05-19-15, 28, 10
2020-05-19-16, 16, 28
2020-05-19-17, 58, 34
2020-05-19-18, 52, 30
2020-05-19-19, 6, 48
2020-05-19-20, 34, 59
2020-05-19-21, 39, 28
2020-05-19-22, 46, 35
2020-05-19-23, 21, 54
2020-05-20-00, 0, 42
2020-05-20-01, 24, 49
2020-05-20-02, 13, 26
2020-05-20-03, 58, 18
2020-05-20-04, 7, 24
2020-05-20-05, 32, 40
2020-05-20-06, 46, 59
2020-05-20-07, 3, 18
2020-05-20-08, 30, 12
2020-05-20-09, 57, 58
2020-05-20-10, 54, 45
2020-05-20-11, 10, 38
2020-05-20-12, 1, 38
2020-05-20-13, 14, 50
2020-05-20-14, 43, 23
2020-05-20-15, 28, 29
2020-05-20-16, 15, 18
2020-05-20-17, 7, 37
2020-05-20-18, 41, 18
2020-05-20-19, 44, 48
2020-05-20-20, 23, 19
2020-05-20-21, 26, 38
2020-05-20-22, 18, 51
2020-05-20-23, 43, 31
2020-05-21-00, 46, 20
2020-05-21-01, 20, 25
2020-05-21-02, 16, 1
2020-05-21-03, 6, 11
2020-05-21-04, 9, 57
2020-05-21-05, 31, 35
2020-05-21-06, 14, 23
2020-05-21-07, 24, 1
2020-05-21-08, 11, 7
2020-05-21-09, 35, 10
2020-05-21-10, 0, 24
2020-05-21-11, 47, 57
2020-05-21-12, 20, 35
2020-05-21-13, 8, 40
2020-05-21-14, 2, 30
2020-05-21-15, 48, 48
2020-05-21-16, 11, 6
2020-05-21-17, 39, 29
2020-05-21-18, 13, 14
2020-05-21-19, 18, 30
2020-05-21-20, 57, 52
2020-05-21-21, 47, 38
2020-05-21-22, 52, 17
2020-05-21-23, 49, 54
2020-05-22-00, 7, 37
2020-05-22-01, 4, 37
2020-05-22-02, 50, 48
2020-05-22-03, 22, 2
2020-05-22-04, 14, 52
2020-05-22-05, 17, 43
2020-05-22-06, 52, 4
2020-05-22-07, 51, 32
2020-05-22-08, 13, 50
2020-05-22-09, 0, 2
2020-05-22-10, 1, 46
2020-05-22-11, 2, 44
2020-05-22-12, 26, 20
2020-05-22-13, 58, 56
2020-05-22-14, 45, 51
2020-05-22-15, 46, 5
2020-05-22-16, 29, 27
2020-05-22-17, 6, 32
2020-05-22-18, 3, 46
2020-05-22-19, 49, 51
2020-05-22-20, 38, 50
2020-05-22-21, 34, 22
2020-05-22-22, 47, 2
2020-05-22-23, 58, 51
2020-05-23-00, 31, 5
2020-05-23-01, 52, 10
2020-05-23-02, 41, 21
2020-05-23-03, 19, 30
2020-05-23-04, 8, 13
2020-05-23-05, 3, 21
2020-05-23-06, 52, 51
2020-05-23-07, 47, 3
2020-05-23-08, 29, 8
2020-05-23-09, 27, 31
2020-05-23-10, 24, 12
2020-05-23-11, 25, 11
2020-05-23-12, 8, 30
2020-05-23-13, 42, 54
2020-05-23-14, 52, 16
2020-05-23-15, 16, 53
2020-05-23-16, 22, 15
2020-05-23-17, 10, 17
2020-05-23-18, 0, 40
2020-05-23-19, 5, 48
2020-05-23-20, 8, 54
2020-05-23-21, 42, 47
2020-05-23-22, 48, 51
2020-05-23-23, 10, 11
2020-05-24-00, 27, 20
2020-05-24-01, 30, 37
2020-05-24-02, 27, 3
2020-05-24-03, 22, 44
2020-05-24-04, 48, 44
2020-05-24-05, 35, 26
2020-05-24-06, 43, 9
2020-05-24-07, 38, 41
2020-05-24-08, 21, 25
2020-05-24-09, 36, 10
2020-05-24-10, 53, 18
2020-05-24-11, 48, 40
2020-05-24-12, 15, 10
2020-05-24-13, 16, 4
2020-05-24-14, 46, 11
2020-05-24-15, 54, 52
2020-05-24-16, 8, 17
2020-05-24-17, 22, 51
2020-05-24-18, 20, 43
2020-05-24-19, 58, 22
2020-05-24-20, 31, 54
2020-05-24-21, 27, 20
2020-05-24-22, 51, 53
2020-05-24-23, 38, 52
2020-05-25-00, 9, 38
2020-05-25-01, 0, 5
2020-05-25-02, 49, 17
2020-05-25-03, 28, 5
2020-05-25-04, 23, 2
2020-05-25-05, 10, 45
2020-05-25-06, 23, 19
2020-05-25-07, 28, 17
2020-05-25-08, 19, 25
2020-05-25-09, 32, 41
2020-05-25-10, 20, 8
2020-05-25-11, 46, 9
2020-05-25-12, 0, 12
2020-05-25-13, 16, 49
2020-05-25-14, 26, 56
2020-05-25-15, 8, 20
2020-05-25-16, 5, 41
2020-05-25-17, 9, 18
2020-05-25-18, 37, 37
2020-05-25-19, 18, 36
2020-05-25-20, 23, 30
2020-05-25-21, 21, 6
2020-05-25-22, 47, 32
2020-05-25-23, 28, 40
2020-05-26-00, 30, 14
2020-05-26-01, 32, 49
2020-05-26-02, 26, 20
2020-05-26-03, 55, 34
2020-05-26-04, 15, 53
2020-05-26-05, 24, 1
2020-05-26-06, 34, 28
2020-05-26-07, 41, 58
2020-05-26-08, 52, 12
2020-05-26-09, 32, 38
2020-05-26-10, 51, 19
2020-05-26-11, 54, 44
2020-05-26-12, 26, 8
2020-05-26-13, 6, 8
2020-05-26-14, 6, 44
2020-05-26-15, 43, 37
2020-05-26-16, 51, 26
2020-05-26-17, 0, 34
2020-05-26-18, 43, 4
2020-05-26-19, 5, 16
2020-05-26-20, 27, 33
2020-05-26-21, 53, 39
2020-05-26-22, 34, 10
2020-05-26-23, 33, 7
2020-05-27-00, 17, 9
2020-05-27-01, 28, 28
2020-05-27-02, 26, 5
2020-05-27-03, 7, 28
2020-05-27-04, 55, 13
2020-05-27-05, 26, 18
2020-05-27-06, 42, 45
2020-05-27-07, 40, 2
2020-05-27-08, 59, 3
2020-05-27-09, 52, 26
2020-05-27-10, 45, 16
2020-05-27-11, 15, 49
2020-05-27-12, 9, 43
2020-05-27-13, 27, 20
2020-05-27-14, 24, 20
2020-05-27-15, 42, 40
2020-05-27-16, 8, 30
2020-05-27-17, 2, 14
2020-05-27-18, 56, 13
2020-05-27-19, 16, 39
2020-05-27-20, 45, 44
2020-05-27-21, 44, 22
2020-05-27-22, 58, 5
2020-05-27-23, 52, 51
2020-05-28-00, 50, 54
2020-05-28-01, 18, 20
2020-05-28-02, 44, 12
2020-05-28-03, 46, 56
2020-05-28-04, 42, 48
2020-05-28-05, 59, 35
2020-05-28-06, 16, 10
2020-05-28-07, 37, 59
2020-05-28-08, 57, 8
2020-05-28-09, 27, 21
2020-05-28-10, 23, 43
2020-05-28-11, 29, 56
2020-05-28-12, 20, 58
2020-05-28-13, 34, 21
2020-05-28-14, 23, 7
2020-05-28-15, 34, 28
2020-05-28-16, 4, 38
2020-05-28-17, 9, 44
2020-05-28-18, 5, 41
2020-05-28-19, 54, 51
2020-05-28-20, 21, 23
2020-05-28-21, 43, 47
2020-05-28-22, 57, 9
2020-05-28-23, 19, 15
2020-05-29-00, 10, 32
2020-05-29-01, 13, 20
2020-05-29-02, 32, 52
2020-05-29-03, 37, 6
2020-05-29-04, 28, 59
2020-05-29-05, 52, 33
2020-05-29-06, 4, 6
2020-05-29-07, 21, 18
2020-05-29-08, 12, 27
2020-05-29-09, 7, 32
2020-05-29-10, 2, 52
2020-05-29-11, 30, 52
2020-05-29-12, 13, 5
2020-05-29-13, 25, 1
2020-05-29-14, 46, 8
2020-05-29-15, 40, 47
2020-05-29-16, 16, 7
2020-05-29-17, 32, 23
2020-05-29-18, 28, 4
2020-05-29-19, 40, 4
2020-05-29-20, 39, 9
2020-05-29-21, 28, 35
2020-05-29-22, 41, 1
2020-05-29-23, 5, 31
2020-05-30-00, 3, 14
2020-05-30-01, 41, 7
2020-05-30-02, 23, 50
2020-05-30-03, 29, 2
2020-05-30-04, 38, 33
2020-05-30-05, 6, 34
2020-05-30-06, 14, 46
2020-05-30-07, 54, 37
2020-05-30-08, 52, 57
2020-05-30-09, 41, 38
2020-05-30-10, 45, 35
2020-05-30-11, 55, 58
2020-05-30-12, 37, 33
2020-05-30-13, 59, 25
2020-05-30-14, 14, 36
2020-05-30-15, 1, 3
2020-05-30-16, 17, 13
2020-05-30-17, 3, 13
2020-05-30-18, 41, 40
2020-05-30-19, 21, 1
2020-05-30-20, 50, 28
2020-05-30-21, 17, 9
2020-05-30-22, 42, 25
2020-05-30-23, 11, 7
2020-05-31-00, 18, 42
2020-05-31-01, 45, 49
2020-05-31-02, 8, 8
2020-05-31-03, 48, 6
2020-05-31-04, 53, 1
2020-05-31-05, 8, 24
2020-05-31-06, 24, 48
2020-05-31-07, 33, 13
2020-05-31-08, 26, 9
2020-05-31-09, 45, 36
2020-05-31-10, 28, 40
2020-05-31-11, 23, 13
2020-05-31-12, 12, 42
2020-05-31-13, 25, 48
2020-05-31-14, 10, 50
2020-05-31-15, 7, 34
2020-05-31-16, 28, 36
2020-05-31-17, 59, 29
2020-05-31-18, 41, 40
2020-05-31-19, 53, 50
2020-05-31-20, 48, 31
2020-05-31-21, 27, 28
2020-05-31-22, 6, 37
2020-05-31-23, 14, 30